{"cameraMode":{"drawMode":0,"name":"Shaded","section":"Shading Mode"},"sceneLighting":false,"audioPlay":false,"sceneViewState":{"m_AlwaysRefresh":false,"showFog":true,"showSkybox":false,"showFlares":true,"showImageEffects":true,"showParticleSystems":true,"showVisualEffectGraphs":true,"m_FxEnabled":true},"in2DMode":false,"pivot":{"x":0.11469149589538574,"y":0.1794145405292511,"z":0.0012447386980056763},"rotation":{"x":-0.4988498389720917,"y":-0.01145220547914505,"z":0.00659684743732214,"w":-0.8666102290153503},"size":0.5335948467254639,"orthographic":false}