{"cameraMode":{"drawMode":0,"name":"Shaded","section":"Shading Mode"},"sceneLighting":false,"audioPlay":false,"sceneViewState":{"m_AlwaysRefresh":false,"showFog":true,"showSkybox":false,"showFlares":true,"showImageEffects":true,"showParticleSystems":true,"showVisualEffectGraphs":true,"m_FxEnabled":true},"in2DMode":false,"pivot":{"x":-0.004319638013839722,"y":0.25899699330329897,"z":0.013987600803375245},"rotation":{"x":-0.4988498389720917,"y":-0.01145220547914505,"z":0.00659684743732214,"w":-0.8666102290153503},"size":1.4608776569366456,"orthographic":false}