{"cameraMode":{"drawMode":0,"name":"Shaded","section":"Shading Mode"},"sceneLighting":false,"audioPlay":false,"sceneViewState":{"m_AlwaysRefresh":false,"showFog":true,"showSkybox":true,"showFlares":true,"showImageEffects":true,"showParticleSystems":true,"showVisualEffectGraphs":true,"m_FxEnabled":true},"in2DMode":false,"pivot":{"x":1.6972755193710328,"y":-0.21679019927978517,"z":9.076833724975586},"rotation":{"x":0.34216952323913576,"y":-0.053228653967380527,"z":0.019417643547058107,"w":0.9379317760467529},"size":7.731968402862549,"orthographic":false}