{"cameraMode":{"drawMode":0,"name":"Shaded","section":"Shading Mode"},"sceneLighting":false,"audioPlay":false,"sceneViewState":{"m_AlwaysRefresh":false,"showFog":true,"showSkybox":true,"showFlares":true,"showImageEffects":true,"showParticleSystems":true,"showVisualEffectGraphs":true,"m_FxEnabled":true},"in2DMode":false,"pivot":{"x":2.205515146255493,"y":1.0973968505859376,"z":3.243011713027954},"rotation":{"x":-0.5092008709907532,"y":-0.012663984671235085,"z":0.007495829835534096,"w":-0.8605419993400574},"size":4.166025161743164,"orthographic":false}