{"cameraMode":{"drawMode":0,"name":"Shaded","section":"Shading Mode"},"sceneLighting":false,"audioPlay":false,"sceneViewState":{"m_AlwaysRefresh":false,"showFog":true,"showSkybox":true,"showFlares":true,"showImageEffects":true,"showParticleSystems":true,"showVisualEffectGraphs":true,"m_FxEnabled":true},"in2DMode":false,"pivot":{"x":0.00022554397583007813,"y":0.13449402153491975,"z":-0.05901193618774414},"rotation":{"x":-0.5582413673400879,"y":0.03381800279021263,"z":-0.022776983678340913,"w":-0.8287017941474915},"size":0.5034561157226563,"orthographic":false}