{"cameraMode":{"drawMode":0,"name":"Shaded","section":"Shading Mode"},"sceneLighting":false,"audioPlay":false,"sceneViewState":{"m_AlwaysRefresh":false,"showFog":true,"showSkybox":true,"showFlares":true,"showImageEffects":true,"showParticleSystems":true,"showVisualEffectGraphs":true,"m_FxEnabled":true},"in2DMode":false,"pivot":{"x":36.09308624267578,"y":11.025808334350586,"z":9.58033561706543},"rotation":{"x":0.5066303610801697,"y":0.062495581805706027,"z":-0.036870867013931277,"w":0.859136700630188},"size":36.292381286621097,"orthographic":false}