{"cameraMode":{"drawMode":0,"name":"Shaded","section":"Shading Mode"},"sceneLighting":false,"audioPlay":false,"sceneViewState":{"m_AlwaysRefresh":false,"showFog":true,"showSkybox":true,"showFlares":true,"showImageEffects":true,"showParticleSystems":true,"showVisualEffectGraphs":true,"m_FxEnabled":true},"in2DMode":false,"pivot":{"x":4.179999828338623,"y":0.003000000026077032,"z":6.599999904632568},"rotation":{"x":0.42981889843940737,"y":-0.007846172899007798,"z":0.003735126694664359,"w":0.9028748273849487},"size":10.781996726989746,"orthographic":false}