{"cameraMode":{"drawMode":0,"name":"Shaded","section":"Shading Mode"},"sceneLighting":false,"audioPlay":false,"sceneViewState":{"m_AlwaysRefresh":false,"showFog":true,"showSkybox":true,"showFlares":true,"showImageEffects":true,"showParticleSystems":true,"showVisualEffectGraphs":true,"m_FxEnabled":true},"in2DMode":false,"pivot":{"x":33.656620025634769,"y":-1.8181819915771485,"z":-1.001847267150879},"rotation":{"x":0.4645272493362427,"y":-0.026015164330601693,"z":0.013639403507113457,"w":0.8851063847541809},"size":28.167728424072267,"orthographic":false}