{"cameraMode":{"drawMode":0,"name":"Shaded","section":"Shading Mode"},"sceneLighting":false,"audioPlay":false,"sceneViewState":{"m_AlwaysRefresh":false,"showFog":true,"showSkybox":true,"showFlares":true,"showImageEffects":true,"showParticleSystems":true,"showVisualEffectGraphs":true,"m_FxEnabled":true},"in2DMode":false,"pivot":{"x":2.504084825515747,"y":1.0500006675720215,"z":8.911332130432129},"rotation":{"x":-0.37905925512313845,"y":0.012756184674799443,"z":-0.005221283994615078,"w":-0.9252910017967224},"size":7.0376386642456059,"orthographic":false}