{"cameraMode":{"drawMode":0,"name":"Shaded","section":"Shading Mode"},"sceneLighting":false,"audioPlay":false,"sceneViewState":{"m_AlwaysRefresh":false,"showFog":true,"showSkybox":true,"showFlares":true,"showImageEffects":true,"showParticleSystems":true,"showVisualEffectGraphs":true,"m_FxEnabled":true},"in2DMode":false,"pivot":{"x":7.074219703674316,"y":1.0500001907348633,"z":2.3329687118530275},"rotation":{"x":-0.5549365282058716,"y":0.008971155621111393,"z":-0.005984044633805752,"w":-0.8318504095077515},"size":5.424745559692383,"orthographic":false}