{"cameraMode":{"drawMode":0,"name":"Shaded","section":"Shading Mode"},"sceneLighting":false,"audioPlay":false,"sceneViewState":{"m_AlwaysRefresh":false,"showFog":true,"showSkybox":true,"showFlares":true,"showImageEffects":true,"showParticleSystems":true,"showVisualEffectGraphs":true,"m_FxEnabled":true},"in2DMode":false,"pivot":{"x":2.7660324573516847,"y":1.5899555683135987,"z":10.960814476013184},"rotation":{"x":-0.4271257817745209,"y":-0.005166922230273485,"z":0.0024457902181893589,"w":-0.9041954278945923},"size":6.05686092376709,"orthographic":false}