{"cameraMode":{"drawMode":0,"name":"Shaded","section":"Shading Mode"},"sceneLighting":false,"audioPlay":false,"sceneViewState":{"m_AlwaysRefresh":false,"showFog":true,"showSkybox":true,"showFlares":true,"showImageEffects":true,"showParticleSystems":true,"showVisualEffectGraphs":true,"m_FxEnabled":true},"in2DMode":false,"pivot":{"x":305.0130615234375,"y":266.1423034667969,"z":63.50560760498047},"rotation":{"x":0.3370766341686249,"y":0.007643021177500486,"z":-0.002750984625890851,"w":0.9414759278297424},"size":163.19041442871095,"orthographic":false}