{"cameraMode":{"drawMode":0,"name":"Shaded","section":"Shading Mode"},"sceneLighting":false,"audioPlay":false,"sceneViewState":{"m_AlwaysRefresh":false,"showFog":true,"showSkybox":false,"showFlares":true,"showImageEffects":true,"showParticleSystems":true,"showVisualEffectGraphs":true,"m_FxEnabled":true},"in2DMode":false,"pivot":{"x":-0.019828498363494874,"y":0.27780646085739138,"z":-0.020175844430923463},"rotation":{"x":-0.5156229734420776,"y":0.014379948377609253,"z":-0.00865397322922945,"w":-0.8566694855690002},"size":1.0946698188781739,"orthographic":false}